Date,Open,High,Low,Close,Volume,Adj Close
2013-05-29,1.90,1.90,1.69,1.74,1107400,1.74
2013-05-28,1.99,2.36,1.76,1.85,4118600,1.85
2013-05-24,1.87,2.02,1.78,1.89,621900,1.89
2013-05-23,1.73,1.87,1.63,1.83,777100,1.83
2013-05-22,1.83,1.87,1.72,1.73,582700,1.73
2013-05-21,1.99,1.99,1.81,1.87,561800,1.87
2013-05-20,1.99,2.11,1.92,1.97,1075000,1.97
2013-05-17,1.90,1.96,1.81,1.93,486900,1.93
2013-05-16,2.02,2.04,1.85,1.86,759100,1.86
2013-05-15,2.09,2.20,1.82,1.99,1247200,1.99
2013-05-14,2.18,2.40,1.95,2.05,4563600,2.05
2013-05-13,1.66,1.95,1.66,1.92,1045300,1.92
2013-05-10,1.51,1.64,1.50,1.61,311800,1.61
2013-05-09,1.45,1.63,1.45,1.55,498300,1.55
2013-05-08,1.54,1.55,1.46,1.48,193400,1.48
2013-05-07,1.65,1.67,1.40,1.47,585500,1.47
2013-05-06,1.55,1.65,1.52,1.64,498800,1.64
2013-05-03,1.62,1.66,1.41,1.50,822700,1.50
2013-05-02,1.84,1.84,1.60,1.61,641800,1.61
2013-05-01,1.90,1.93,1.75,1.78,225900,1.78
2013-04-30,1.97,1.98,1.74,1.86,494100,1.86
2013-04-29,1.77,1.99,1.72,1.87,706200,1.87
2013-04-26,2.00,2.00,1.68,1.74,1032400,1.74
2013-04-25,1.70,1.94,1.70,1.90,1291300,1.90
2013-04-24,1.50,1.69,1.49,1.69,791700,1.69
2013-04-23,1.36,1.55,1.36,1.49,569900,1.49
2013-04-22,1.32,1.40,1.25,1.34,349600,1.34
2013-04-19,1.35,1.37,1.19,1.27,879000,1.27
2013-04-18,1.51,1.64,1.35,1.37,1005600,1.37
2013-04-17,1.34,1.56,1.31,1.49,1837100,1.49
2013-04-16,1.18,1.54,1.12,1.30,2693800,1.30
2013-04-15,1.23,1.30,0.95,0.96,477500,0.96
2013-04-12,1.26,1.28,1.17,1.19,343800,1.19
2013-04-11,1.23,1.27,1.20,1.24,218900,1.24
2013-04-10,1.23,1.23,1.13,1.20,376700,1.20
2013-04-09,1.23,1.23,1.13,1.21,433600,1.21
2013-04-08,1.04,1.16,1.04,1.11,527900,1.11
2013-04-05,1.02,1.05,0.96,1.03,189400,1.03
2013-04-04,0.95,1.01,0.95,1.01,149100,1.01
2013-04-03,1.00,1.00,0.93,0.98,94300,0.98
2013-04-02,0.98,1.02,0.95,0.97,522000,0.97
2013-04-01,0.97,0.97,0.94,0.96,53800,0.96
2013-03-28,0.93,0.98,0.89,0.94,96000,0.94
2013-03-27,0.88,0.94,0.86,0.93,60600,0.93
2013-03-26,0.90,0.95,0.86,0.87,88300,0.87
2013-03-25,0.96,0.96,0.88,0.90,142500,0.90
2013-03-22,0.91,0.97,0.90,0.95,128700,0.95
2013-03-21,0.85,0.92,0.79,0.92,198800,0.92
2013-03-20,0.83,0.85,0.79,0.82,189600,0.82
2013-03-19,0.82,0.84,0.79,0.79,53600,0.79
2013-03-18,0.79,0.84,0.78,0.79,136400,0.79
2013-03-15,0.82,0.86,0.79,0.83,195400,0.83
2013-03-14,0.87,0.94,0.83,0.85,343400,0.85
2013-03-13,1.00,1.05,0.92,0.93,451100,0.93
2013-03-12,0.95,1.00,0.93,1.00,416300,1.00
2013-03-11,0.89,0.94,0.86,0.92,337300,0.92
2013-03-08,0.83,0.85,0.80,0.85,139800,0.85
2013-03-07,0.85,0.90,0.79,0.80,345000,0.80
2013-03-06,0.84,0.85,0.76,0.82,83000,0.82
2013-03-05,0.74,0.82,0.74,0.81,224400,0.81
2013-03-04,0.76,0.78,0.74,0.74,128000,0.74
2013-03-01,0.76,0.80,0.75,0.76,61100,0.76
2013-02-28,0.80,0.80,0.76,0.76,49800,0.76
2013-02-27,0.80,0.81,0.75,0.80,96000,0.80
2013-02-26,0.89,0.89,0.74,0.80,381600,0.80
2013-02-25,0.80,0.89,0.79,0.83,598500,0.83
2013-02-22,0.66,0.79,0.66,0.78,292700,0.78
2013-02-21,0.65,0.70,0.63,0.67,167700,0.67
2013-02-20,0.62,0.68,0.62,0.65,66000,0.65
2013-02-19,0.67,0.68,0.62,0.67,199200,0.67
2013-02-15,0.68,0.70,0.62,0.69,210900,0.69
2013-02-14,0.69,0.79,0.64,0.70,618100,0.70
2013-02-13,0.59,0.74,0.59,0.74,1062100,0.74
2013-02-12,0.58,0.59,0.53,0.58,229700,0.58
2013-02-11,0.58,0.58,0.55,0.55,30900,0.55
2013-02-08,0.59,0.59,0.55,0.57,82100,0.57
2013-02-07,0.55,0.58,0.54,0.56,27100,0.56
2013-02-06,0.55,0.59,0.54,0.56,37700,0.56
2013-02-05,0.57,0.57,0.52,0.55,24200,0.55
2013-02-04,0.58,0.58,0.54,0.55,78400,0.55
2013-02-01,0.58,0.60,0.55,0.57,114300,0.57
2013-01-31,0.61,0.61,0.56,0.58,31300,0.58
2013-01-30,0.63,0.64,0.54,0.60,336500,0.60
2013-01-29,0.52,0.69,0.48,0.62,1790400,0.62
2013-01-28,0.49,0.50,0.48,0.49,38200,0.49
2013-01-25,0.49,0.51,0.49,0.50,50300,0.50
2013-01-24,0.50,0.50,0.48,0.48,71200,0.48
2013-01-23,0.50,0.52,0.48,0.50,126500,0.50
2013-01-22,0.46,0.50,0.46,0.47,59900,0.47
2013-01-18,0.47,0.48,0.45,0.45,96700,0.45
2013-01-17,0.47,0.49,0.47,0.48,39400,0.48
2013-01-16,0.49,0.49,0.47,0.47,33300,0.47
2013-01-15,0.50,0.50,0.45,0.46,64500,0.46
2013-01-14,0.48,0.48,0.45,0.46,69100,0.46
2013-01-11,0.50,0.50,0.47,0.49,45000,0.49
2013-01-10,0.52,0.52,0.47,0.47,100600,0.47
2013-01-09,0.50,0.52,0.48,0.50,259200,0.50
2013-01-08,0.50,0.50,0.45,0.48,132100,0.48
2013-01-07,0.42,0.49,0.42,0.45,236900,0.45
2013-01-04,0.44,0.44,0.41,0.42,57400,0.42
2013-01-03,0.41,0.46,0.40,0.45,61900,0.45
2013-01-02,0.47,0.47,0.41,0.42,133900,0.42
2012-12-31,0.41,0.45,0.41,0.44,120600,0.44
2012-12-28,0.43,0.44,0.41,0.43,81900,0.43
2012-12-27,0.45,0.47,0.43,0.45,94700,0.45
2012-12-26,0.45,0.48,0.44,0.47,70000,0.47
2012-12-24,0.49,0.49,0.45,0.45,61700,0.45
2012-12-21,0.46,0.48,0.46,0.48,43500,0.48
2012-12-20,0.49,0.49,0.47,0.49,17400,0.49
2012-12-19,0.48,0.50,0.47,0.48,74500,0.48
2012-12-18,0.49,0.51,0.46,0.51,148300,0.51
2012-12-17,0.48,0.50,0.48,0.50,75200,0.50
2012-12-14,0.50,0.53,0.48,0.50,43400,0.50
2012-12-13,0.51,0.54,0.49,0.50,197000,0.50
2012-12-12,0.56,0.59,0.52,0.52,125200,0.52
2012-12-11,0.55,0.63,0.51,0.55,323600,0.55
2012-12-10,0.67,0.67,0.57,0.57,201200,0.57
2012-12-07,0.61,0.72,0.61,0.64,554700,0.64
2012-12-06,0.52,0.80,0.52,0.58,1397800,0.58
2012-12-05,0.44,0.53,0.44,0.52,814600,0.52
2012-12-04,0.38,0.44,0.36,0.44,504700,0.44
2012-12-03,0.36,0.37,0.35,0.37,423100,0.37
2012-11-30,0.37,0.37,0.31,0.32,78600,0.32
2012-11-29,0.35,0.37,0.33,0.35,109600,0.35
2012-11-28,0.37,0.37,0.35,0.36,22500,0.36
2012-11-27,0.36,0.38,0.35,0.35,150700,0.35
2012-11-26,0.42,0.42,0.36,0.38,31000,0.38
2012-11-23,0.36,0.38,0.34,0.37,50800,0.37
2012-11-21,0.40,0.40,0.36,0.36,118700,0.36
2012-11-20,0.34,0.39,0.34,0.38,305100,0.38
2012-11-19,0.33,0.38,0.33,0.33,207700,0.33
2012-11-16,0.34,0.34,0.33,0.34,46900,0.34
2012-11-15,0.35,0.36,0.31,0.34,183000,0.34
2012-11-14,0.36,0.39,0.33,0.35,89700,0.35
2012-11-13,0.43,0.45,0.26,0.36,1194900,0.36
2012-11-12,0.43,0.47,0.43,0.43,50700,0.43
2012-11-09,0.43,0.46,0.43,0.46,78700,0.46
2012-11-08,0.45,0.48,0.43,0.46,59900,0.46
2012-11-07,0.46,0.48,0.44,0.44,29900,0.44
2012-11-06,0.48,0.48,0.43,0.46,129200,0.46
2012-11-05,0.47,0.48,0.46,0.46,36000,0.46
2012-11-02,0.44,0.49,0.44,0.49,104900,0.49
2012-11-01,0.44,0.47,0.44,0.46,71500,0.46
2012-10-31,0.47,0.49,0.44,0.48,289300,0.48
2012-10-26,0.46,0.48,0.45,0.47,15700,0.47
2012-10-25,0.45,0.48,0.45,0.46,47400,0.46
2012-10-24,0.45,0.47,0.45,0.46,59800,0.46
2012-10-23,0.47,0.47,0.45,0.45,41400,0.45
2012-10-22,0.46,0.47,0.46,0.47,8000,0.47
2012-10-19,0.45,0.48,0.45,0.47,16800,0.47
2012-10-18,0.45,0.48,0.45,0.45,61200,0.45
2012-10-17,0.48,0.49,0.45,0.46,13600,0.46
2012-10-16,0.47,0.49,0.45,0.45,48200,0.45
2012-10-15,0.47,0.51,0.47,0.47,16400,0.47
2012-10-12,0.51,0.51,0.47,0.47,83600,0.47
2012-10-11,0.50,0.53,0.47,0.52,77600,0.52
2012-10-10,0.50,0.52,0.50,0.50,49800,0.50
2012-10-09,0.50,0.53,0.50,0.50,121100,0.50
2012-10-08,0.50,0.51,0.47,0.50,121500,0.50
2012-10-05,0.50,0.51,0.46,0.49,161800,0.49
2012-10-04,0.52,0.52,0.49,0.50,37900,0.50
2012-10-03,0.48,0.51,0.48,0.51,247100,0.51
2012-10-02,0.46,0.50,0.46,0.48,16200,0.48
2012-10-01,0.47,0.47,0.45,0.46,28700,0.46
2012-09-28,0.46,0.47,0.44,0.46,52700,0.46
2012-09-27,0.47,0.47,0.45,0.46,19600,0.46
2012-09-26,0.45,0.49,0.45,0.47,65400,0.47
2012-09-25,0.48,0.50,0.46,0.46,47200,0.46
2012-09-24,0.51,0.52,0.48,0.49,102900,0.49
2012-09-21,0.49,0.53,0.45,0.53,56100,0.53
2012-09-20,0.53,0.53,0.43,0.45,220800,0.45
2012-09-19,0.44,0.52,0.44,0.51,194500,0.51
2012-09-18,0.48,0.48,0.44,0.44,39000,0.44
2012-09-17,0.48,0.48,0.45,0.48,107000,0.48
2012-09-14,0.45,0.48,0.44,0.45,86600,0.45
2012-09-13,0.48,0.48,0.43,0.44,114300,0.44
2012-09-12,0.47,0.50,0.45,0.46,102900,0.46
2012-09-11,0.50,0.50,0.46,0.46,24700,0.46
2012-09-10,0.50,0.50,0.47,0.49,102700,0.49
2012-09-07,0.49,0.52,0.49,0.50,45400,0.50
2012-09-06,0.50,0.52,0.49,0.49,38900,0.49
2012-09-05,0.49,0.50,0.49,0.49,80200,0.49
2012-09-04,0.50,0.51,0.49,0.49,26100,0.49
2012-08-31,0.51,0.53,0.49,0.50,33000,0.50
2012-08-30,0.49,0.52,0.49,0.52,33300,0.52
2012-08-29,0.50,0.50,0.49,0.49,44300,0.49
2012-08-28,0.50,0.51,0.49,0.49,50000,0.49
2012-08-27,0.50,0.53,0.50,0.50,47700,0.50
2012-08-24,0.49,0.51,0.49,0.51,72600,0.51
2012-08-23,0.50,0.50,0.48,0.50,15800,0.50
2012-08-22,0.48,0.50,0.48,0.49,15600,0.49
2012-08-21,0.50,0.50,0.48,0.48,30400,0.48
2012-08-20,0.50,0.50,0.48,0.50,59800,0.50
2012-08-17,0.49,0.50,0.48,0.50,42700,0.50
2012-08-16,0.50,0.53,0.48,0.48,101400,0.48
2012-08-15,0.64,0.64,0.47,0.50,462200,0.50
2012-08-14,0.62,0.69,0.57,0.64,153500,0.64
2012-08-13,0.54,0.66,0.54,0.60,120700,0.60
2012-08-10,0.54,0.55,0.54,0.54,52300,0.54
2012-08-09,0.52,0.55,0.52,0.54,43900,0.54
2012-08-08,0.52,0.53,0.50,0.52,96700,0.52
2012-08-07,0.53,0.53,0.50,0.50,65100,0.50
2012-08-06,0.54,0.54,0.51,0.51,64300,0.51
2012-08-03,0.53,0.54,0.50,0.50,61200,0.50
2012-08-02,0.52,0.53,0.50,0.50,125800,0.50
2012-08-01,0.49,0.50,0.44,0.49,140700,0.49
2012-07-31,0.50,0.51,0.49,0.51,10000,0.51
2012-07-30,0.48,0.53,0.48,0.51,50500,0.51
2012-07-27,0.50,0.50,0.47,0.50,30400,0.50
2012-07-26,0.48,0.50,0.47,0.49,22200,0.49
2012-07-25,0.49,0.49,0.47,0.47,25300,0.47
2012-07-24,0.46,0.49,0.46,0.47,73300,0.47
2012-07-23,0.47,0.50,0.46,0.47,113600,0.47
2012-07-20,0.49,0.49,0.46,0.46,42000,0.46
2012-07-19,0.51,0.51,0.46,0.49,160600,0.49
2012-07-18,0.50,0.53,0.50,0.52,51900,0.52
2012-07-17,0.52,0.54,0.48,0.48,53400,0.48
2012-07-16,0.53,0.54,0.51,0.53,46100,0.53
2012-07-13,0.53,0.54,0.50,0.54,37400,0.54
2012-07-12,0.53,0.53,0.50,0.53,62000,0.53
2012-07-11,0.52,0.55,0.52,0.54,68500,0.54
2012-07-10,0.53,0.55,0.52,0.52,60800,0.52
2012-07-09,0.54,0.56,0.51,0.53,15600,0.53
2012-07-06,0.51,0.53,0.50,0.51,74700,0.51
2012-07-05,0.55,0.55,0.49,0.51,123600,0.51
2012-07-03,0.55,0.55,0.51,0.52,34000,0.52
2012-07-02,0.52,0.55,0.51,0.54,76700,0.54
2012-06-29,0.58,0.58,0.51,0.52,117100,0.52
2012-06-28,0.59,0.60,0.56,0.57,127300,0.57
2012-06-27,0.50,0.63,0.46,0.56,339000,0.56
2012-06-26,0.46,0.46,0.41,0.42,302100,0.42
2012-06-25,0.47,0.50,0.46,0.47,54000,0.47
2012-06-22,0.50,0.50,0.47,0.47,140700,0.47
2012-06-21,0.49,0.49,0.48,0.48,66100,0.48
2012-06-20,0.49,0.49,0.47,0.49,56700,0.49
2012-06-19,0.47,0.52,0.46,0.48,151600,0.48
2012-06-18,0.47,0.47,0.45,0.47,42500,0.47
2012-06-15,0.50,0.50,0.45,0.47,133300,0.47
2012-06-14,0.51,0.51,0.48,0.49,88900,0.49
2012-06-13,0.48,0.50,0.48,0.50,277000,0.50
2012-06-12,0.49,0.51,0.49,0.49,249700,0.49
2012-06-11,0.49,0.51,0.49,0.50,200300,0.50
2012-06-08,0.56,0.57,0.49,0.49,319200,0.49
2012-06-07,0.54,0.56,0.52,0.55,131400,0.55
2012-06-06,0.58,0.60,0.54,0.55,143100,0.55
2012-06-05,0.60,0.60,0.57,0.58,46900,0.58
2012-06-04,0.62,0.62,0.59,0.60,79000,0.60
2012-06-01,0.67,0.67,0.62,0.63,43600,0.63
2012-05-31,0.65,0.67,0.63,0.67,72800,0.67
2012-05-30,0.70,0.70,0.65,0.66,106700,0.66
2012-05-29,0.70,0.74,0.69,0.69,82400,0.69
2012-05-25,0.78,0.78,0.71,0.71,121500,0.71
2012-05-24,0.80,0.81,0.71,0.74,206800,0.74
2012-05-23,0.84,0.85,0.77,0.78,220400,0.78
2012-05-22,1.00,1.25,0.75,0.77,2172500,0.77
2012-05-21,0.65,0.67,0.65,0.67,35900,0.67
2012-05-18,0.65,0.72,0.65,0.67,24000,0.67
2012-05-17,0.65,0.70,0.64,0.68,23100,0.68
2012-05-16,0.75,0.75,0.65,0.65,56000,0.65
2012-05-15,0.76,0.79,0.70,0.72,85600,0.72
2012-05-14,0.65,0.75,0.65,0.75,71000,0.75
2012-05-11,0.65,0.65,0.64,0.65,37500,0.65
2012-05-10,0.64,0.65,0.64,0.65,15000,0.65
2012-05-09,0.63,0.65,0.63,0.65,29700,0.65
2012-05-08,0.65,0.65,0.63,0.63,7000,0.63
2012-05-07,0.64,0.65,0.61,0.64,70100,0.64
2012-05-04,0.65,0.65,0.64,0.64,26400,0.64
2012-05-03,0.64,0.65,0.64,0.64,41500,0.64
2012-05-02,0.66,0.66,0.62,0.64,15000,0.64
2012-05-01,0.66,0.67,0.62,0.62,25000,0.62
2012-04-30,0.70,0.70,0.63,0.66,51800,0.66
2012-04-27,0.66,0.69,0.65,0.67,58000,0.67
2012-04-26,0.60,0.67,0.60,0.65,101000,0.65
2012-04-25,0.63,0.64,0.59,0.60,151600,0.60
2012-04-24,0.68,0.68,0.62,0.62,109600,0.62
2012-04-23,0.75,0.75,0.64,0.67,428400,0.67
2012-04-20,0.80,0.80,0.69,0.73,246100,0.73
2012-04-19,0.85,0.85,0.77,0.77,81400,0.77
2012-04-18,0.91,0.92,0.79,0.82,115300,0.82
2012-04-17,0.92,0.92,0.88,0.91,127600,0.91
2012-04-16,0.87,0.88,0.85,0.88,72100,0.88
2012-04-13,0.87,0.88,0.85,0.87,62600,0.87
2012-04-12,0.88,0.91,0.87,0.89,26000,0.89
2012-04-11,0.89,0.92,0.87,0.89,56600,0.89
2012-04-10,0.95,0.95,0.87,0.89,111500,0.89
2012-04-09,0.95,0.95,0.91,0.94,32300,0.94
2012-04-05,0.99,0.99,0.93,0.95,61600,0.95
2012-04-04,1.00,1.00,0.95,0.98,33700,0.98
2012-04-03,0.99,0.99,0.95,0.98,33000,0.98
2012-04-02,0.97,0.99,0.95,0.99,37800,0.99
2012-03-30,0.98,1.01,0.95,0.98,79600,0.98
2012-03-29,1.02,1.05,0.98,0.99,122400,0.99
2012-03-28,1.00,1.02,0.98,1.00,133900,1.00
2012-03-27,1.04,1.04,0.99,1.00,197900,1.00
2012-03-26,1.04,1.06,1.02,1.02,139600,1.02
2012-03-23,1.06,1.10,1.05,1.05,39800,1.05
2012-03-22,1.13,1.13,1.07,1.07,10200,1.07
2012-03-21,1.05,1.14,1.05,1.08,23800,1.08
2012-03-20,1.05,1.08,1.02,1.06,30400,1.06
2012-03-19,1.01,1.19,0.98,1.05,155400,1.05
2012-03-16,1.02,1.05,1.00,1.05,41800,1.05
2012-03-15,1.05,1.06,1.00,1.03,152400,1.03
2012-03-14,1.08,1.08,1.03,1.05,82500,1.05
2012-03-13,1.00,1.07,1.00,1.04,151500,1.04
2012-03-12,1.04,1.04,1.00,1.00,26900,1.00
2012-03-09,1.00,1.06,1.00,1.02,58500,1.02
2012-03-08,1.05,1.07,0.98,0.99,140800,0.99
2012-03-07,1.10,1.12,1.05,1.06,27300,1.06
2012-03-06,1.14,1.15,1.09,1.09,36500,1.09
2012-03-05,1.10,1.15,1.10,1.15,21100,1.15
2012-03-02,1.13,1.14,1.09,1.09,28300,1.09
2012-03-01,1.12,1.15,1.09,1.12,43700,1.12
2012-02-29,1.13,1.19,1.10,1.10,39400,1.10
2012-02-28,1.16,1.19,1.10,1.14,129500,1.14
2012-02-27,1.20,1.20,1.15,1.20,59000,1.20
2012-02-24,1.18,1.20,1.15,1.15,50200,1.15
2012-02-23,1.15,1.20,1.15,1.15,104800,1.15
2012-02-22,1.20,1.20,1.15,1.16,23900,1.16
2012-02-21,1.23,1.23,1.15,1.18,91300,1.18
2012-02-17,1.26,1.26,1.21,1.22,24800,1.22
2012-02-16,1.21,1.25,1.21,1.23,37900,1.23
2012-02-15,1.19,1.24,1.18,1.18,48500,1.18
2012-02-14,1.29,1.30,1.17,1.19,65200,1.19
2012-02-13,1.27,1.32,1.26,1.27,85500,1.27
2012-02-10,1.25,1.29,1.22,1.26,27600,1.26
2012-02-09,1.26,1.29,1.20,1.22,70200,1.22
2012-02-08,1.21,1.31,1.21,1.27,85300,1.27
2012-02-07,1.18,1.25,1.17,1.20,89500,1.20
2012-02-06,1.16,1.17,1.13,1.16,22300,1.16
2012-02-03,1.15,1.18,1.09,1.13,87800,1.13
2012-02-02,1.11,1.19,1.08,1.12,119000,1.12
2012-02-01,1.11,1.11,1.08,1.10,28100,1.10
2012-01-31,1.14,1.14,1.08,1.10,55500,1.10
2012-01-30,1.13,1.14,1.07,1.14,45600,1.14
2012-01-27,1.14,1.14,1.09,1.11,51100,1.11
2012-01-26,1.13,1.15,1.10,1.14,42400,1.14
2012-01-25,1.12,1.14,1.10,1.11,42800,1.11
2012-01-24,1.11,1.12,1.11,1.12,29900,1.12
2012-01-23,1.14,1.14,1.07,1.09,67100,1.09
2012-01-20,1.17,1.18,1.14,1.14,41500,1.14
2012-01-19,1.10,1.17,1.09,1.10,47000,1.10
2012-01-18,1.20,1.20,1.08,1.10,57800,1.10
2012-01-17,1.15,1.21,1.15,1.18,79800,1.18
2012-01-13,1.08,1.15,1.07,1.13,28500,1.13
2012-01-12,1.10,1.13,1.07,1.08,47200,1.08
2012-01-11,1.22,1.22,1.06,1.11,135400,1.11
2012-01-10,1.22,1.22,1.17,1.19,69300,1.19
2012-01-09,1.26,1.31,1.17,1.17,126700,1.17
2012-01-06,1.20,1.23,1.18,1.22,146200,1.22
2012-01-05,1.15,1.28,1.12,1.18,328400,1.18
2012-01-04,1.03,1.08,1.03,1.07,32800,1.07
2012-01-03,1.10,1.10,1.05,1.05,43900,1.05
2011-12-30,1.03,1.10,0.99,1.08,89900,1.08
2011-12-29,1.04,1.06,1.01,1.03,41100,1.03
2011-12-28,1.04,1.06,1.00,1.01,99100,1.01
2011-12-27,0.95,1.06,0.94,1.06,111000,1.06
2011-12-23,0.95,0.95,0.89,0.93,57000,0.93
2011-12-22,0.91,0.93,0.86,0.91,293100,0.91
2011-12-21,0.95,0.95,0.86,0.87,99500,0.87
2011-12-20,0.94,1.07,0.91,0.95,485500,0.95
2011-12-19,0.96,1.00,0.93,0.93,152300,0.93
2011-12-16,0.96,1.00,0.96,0.96,235000,0.96
2011-12-15,1.02,1.03,0.97,0.97,264900,0.97
2011-12-14,1.05,1.05,0.95,1.02,310200,1.02
2011-12-13,0.98,1.08,0.96,1.04,109300,1.04
2011-12-12,1.11,1.13,0.96,1.00,245500,1.00
2011-12-09,1.33,1.33,0.89,1.12,484500,1.12
2011-12-08,1.39,1.39,1.30,1.33,29800,1.33
2011-12-07,1.45,1.50,1.31,1.37,160300,1.37
2011-12-06,1.49,1.57,1.41,1.45,44800,1.45
2011-12-05,1.49,1.51,1.41,1.45,22000,1.45
2011-12-02,1.43,1.50,1.43,1.49,29500,1.49
2011-12-01,1.50,1.53,1.46,1.46,25600,1.46
2011-11-30,1.50,1.62,1.50,1.50,70700,1.50
2011-11-29,1.62,1.63,1.51,1.51,62500,1.51
2011-11-28,1.85,1.85,1.52,1.52,96900,1.52
2011-11-25,1.77,1.87,1.77,1.83,18300,1.83
2011-11-23,1.76,1.80,1.73,1.75,13000,1.75
2011-11-22,1.71,1.83,1.70,1.82,30600,1.82
2011-11-21,1.78,1.82,1.70,1.71,14800,1.71
2011-11-18,1.73,1.83,1.67,1.80,15500,1.80
2011-11-17,1.72,1.80,1.69,1.77,30500,1.77
2011-11-16,1.82,1.83,1.62,1.69,46900,1.69
2011-11-15,1.84,1.86,1.79,1.80,10700,1.80
2011-11-14,1.73,1.88,1.63,1.81,88000,1.81
2011-11-11,1.83,1.83,1.72,1.78,13900,1.78
2011-11-10,1.79,1.84,1.72,1.79,30100,1.79
2011-11-09,1.87,1.92,1.70,1.75,66000,1.75
2011-11-08,1.86,1.95,1.86,1.92,53200,1.92
2011-11-07,1.83,1.87,1.77,1.86,29800,1.86
2011-11-04,1.83,1.90,1.77,1.78,32200,1.78
2011-11-03,1.60,1.90,1.54,1.87,122500,1.87
2011-11-02,1.63,1.63,1.39,1.49,73600,1.49
2011-11-01,1.63,1.63,1.54,1.58,82600,1.58
2011-10-31,1.67,1.67,1.61,1.64,25900,1.64
2011-10-28,1.62,1.70,1.54,1.67,106200,1.67
2011-10-27,1.67,1.72,1.62,1.65,82800,1.65
2011-10-26,1.79,1.80,1.55,1.68,85700,1.68
2011-10-25,1.82,1.85,1.75,1.77,14600,1.77
2011-10-24,1.82,1.82,1.76,1.82,25700,1.82
2011-10-21,1.92,1.94,1.77,1.82,30600,1.82
2011-10-20,1.96,1.97,1.84,1.87,45400,1.87
2011-10-19,1.97,1.98,1.93,1.95,32900,1.95
2011-10-18,1.94,1.98,1.87,1.96,39000,1.96
2011-10-17,1.93,1.99,1.89,1.98,27900,1.98
2011-10-14,1.81,1.98,1.80,1.98,63800,1.98
2011-10-13,1.86,1.90,1.75,1.84,26300,1.84
2011-10-12,1.86,1.90,1.81,1.87,15500,1.87
2011-10-11,2.03,2.08,1.84,1.93,31100,1.93
2011-10-10,1.97,2.13,1.97,2.03,61800,2.03
2011-10-07,1.87,1.97,1.82,1.96,55700,1.96
2011-10-06,1.91,1.94,1.79,1.84,62600,1.84
2011-10-05,1.42,1.68,1.42,1.65,47700,1.65
2011-10-04,1.58,1.58,1.31,1.42,176100,1.42
2011-10-03,1.85,1.86,1.59,1.61,96500,1.61
2011-09-30,1.91,1.95,1.85,1.86,58100,1.86
2011-09-29,2.01,2.01,1.88,1.95,18900,1.95
2011-09-28,2.00,2.02,1.89,2.01,26900,2.01
2011-09-27,2.00,2.00,1.94,1.96,24200,1.96
2011-09-26,1.99,1.99,1.90,1.99,33800,1.99
2011-09-23,1.88,1.98,1.86,1.94,24500,1.94
2011-09-22,2.03,2.03,1.85,1.88,157100,1.88
2011-09-21,2.00,2.07,2.00,2.03,58100,2.03
2011-09-20,2.01,2.10,2.00,2.03,43000,2.03
2011-09-19,2.06,2.11,2.00,2.02,47100,2.02
2011-09-16,2.01,2.12,2.00,2.04,71100,2.04
2011-09-15,2.11,2.15,2.00,2.05,108800,2.05
2011-09-14,2.15,2.15,2.11,2.13,12800,2.13
2011-09-13,2.24,2.27,2.10,2.15,91000,2.15
2011-09-12,2.36,2.40,2.25,2.28,17100,2.28
2011-09-09,2.33,2.35,2.28,2.35,29100,2.35
2011-09-08,2.42,2.48,2.25,2.31,60000,2.31
2011-09-07,2.22,2.55,2.19,2.39,169000,2.39
2011-09-06,2.09,2.18,2.02,2.17,107300,2.17
2011-09-02,2.05,2.05,1.97,2.05,64300,2.05
2011-09-01,2.11,2.12,2.05,2.06,73900,2.06
2011-08-31,2.18,2.29,2.05,2.08,81200,2.08
2011-08-30,2.17,2.27,2.16,2.19,44800,2.19
2011-08-29,2.11,2.20,2.11,2.14,61600,2.14
2011-08-26,2.15,2.19,2.11,2.12,52100,2.12
2011-08-25,2.24,2.24,2.11,2.12,15400,2.12
2011-08-24,2.10,2.25,2.05,2.20,80000,2.20
2011-08-23,2.06,2.14,2.02,2.08,86200,2.08
2011-08-22,2.15,2.16,2.05,2.09,102400,2.09
2011-08-19,2.25,2.29,2.10,2.11,80400,2.11
2011-08-18,2.35,2.37,2.20,2.27,126100,2.27
2011-08-17,2.48,2.48,2.32,2.38,39900,2.38
2011-08-16,2.60,2.60,2.38,2.43,151200,2.43
2011-08-15,2.69,2.74,2.60,2.60,74700,2.60
2011-08-12,2.62,2.70,2.56,2.62,36500,2.62
2011-08-11,2.42,2.85,2.42,2.54,276100,2.54
2011-08-10,2.34,2.46,2.34,2.42,43900,2.42
2011-08-09,2.27,2.50,2.24,2.34,187800,2.34
2011-08-08,2.42,2.44,2.22,2.35,177600,2.35
2011-08-05,2.50,2.68,2.31,2.49,266800,2.49
2011-08-04,2.75,2.78,2.55,2.55,148600,2.55
2011-08-03,2.87,2.94,2.75,2.76,109200,2.76
2011-08-02,2.89,2.92,2.85,2.90,50600,2.90
2011-08-01,3.02,3.02,2.85,2.87,81600,2.87
2011-07-29,3.00,3.03,2.90,2.95,93800,2.95
2011-07-28,3.07,3.15,3.05,3.08,145200,3.08
2011-07-27,3.00,3.19,3.00,3.09,227200,3.09
2011-07-26,3.10,3.10,2.96,2.98,159900,2.98
2011-07-25,3.01,3.10,2.98,3.09,98900,3.09
2011-07-22,3.09,3.09,3.01,3.03,78200,3.03
2011-07-21,3.00,3.09,2.91,3.08,113800,3.08
2011-07-20,2.90,3.08,2.89,3.02,381300,3.02
2011-07-19,2.92,2.92,2.85,2.85,104900,2.85
2011-07-18,3.00,3.02,2.82,2.95,214900,2.95
2011-07-15,3.05,3.12,3.00,3.01,153700,3.01
2011-07-14,3.07,3.08,2.97,3.03,250500,3.03
2011-07-13,2.80,3.04,2.80,2.97,337400,2.97
2011-07-12,2.69,2.81,2.66,2.79,139800,2.79
2011-07-11,2.75,2.75,2.64,2.71,79400,2.71
2011-07-08,2.60,2.75,2.55,2.75,101100,2.75
2011-07-07,2.76,2.76,2.58,2.63,172900,2.63
2011-07-06,2.75,2.83,2.72,2.74,260200,2.74
2011-07-05,2.61,2.79,2.60,2.75,126200,2.75
2011-07-01,2.73,2.73,2.57,2.60,206300,2.60
2011-06-30,2.74,2.82,2.68,2.69,229000,2.69
2011-06-29,2.62,2.70,2.50,2.67,163100,2.67
2011-06-28,2.49,2.65,2.49,2.65,410200,2.65
2011-06-27,2.45,2.50,2.45,2.46,79400,2.46
2011-06-24,2.48,2.52,2.41,2.42,121900,2.42
2011-06-23,2.53,2.55,2.40,2.48,448900,2.48
2011-06-22,2.60,2.64,2.50,2.51,1948700,2.51
2011-06-21,3.06,3.21,2.77,2.80,470500,2.80
2011-06-20,3.56,3.57,3.05,3.06,140300,3.06
2011-06-17,3.25,3.58,3.01,3.08,92400,3.08
2011-06-16,3.33,3.60,3.16,3.22,94100,3.22
2011-06-15,3.40,3.65,3.31,3.33,48600,3.33
2011-06-14,3.17,3.40,3.17,3.40,50700,3.40
2011-06-13,3.32,3.39,3.15,3.15,87700,3.15
2011-06-10,3.37,3.37,3.27,3.32,55200,3.32
2011-06-09,3.39,3.50,3.20,3.25,124800,3.25
2011-06-08,3.85,3.85,3.30,3.33,204800,3.33
2011-06-07,3.75,3.96,3.75,3.89,69800,3.89
2011-06-06,4.00,4.00,3.70,3.75,109800,3.75
2011-06-03,3.95,4.00,3.81,4.00,74300,4.00
2011-06-02,4.36,4.36,3.90,3.95,157600,3.95
2011-06-01,4.46,4.46,4.26,4.38,33800,4.38
2011-05-31,5.05,5.05,4.22,4.40,142100,4.40
2011-05-27,4.69,5.24,4.66,4.80,331600,4.80
2011-05-26,4.25,4.65,4.25,4.62,274800,4.62
2011-05-25,4.00,4.20,3.96,4.20,91900,4.20
2011-05-24,4.16,4.16,3.81,4.05,82000,4.05
2011-05-23,3.96,4.18,3.90,4.07,127500,4.07
2011-05-20,4.03,4.10,3.95,4.05,62600,4.05
2011-05-19,4.10,4.10,3.97,4.00,73200,4.00
2011-05-18,3.85,4.11,3.85,4.10,112600,4.10
2011-05-17,4.01,4.01,3.76,3.82,70300,3.82
2011-05-16,4.09,4.10,3.98,4.02,67000,4.02
2011-05-13,4.03,4.10,3.93,4.02,52500,4.02
2011-05-12,4.06,4.10,3.93,4.05,31400,4.05
2011-05-11,4.10,4.10,3.84,3.91,78700,3.91
2011-05-10,3.79,4.20,3.75,4.10,160600,4.10
2011-05-09,3.81,3.81,3.66,3.74,41200,3.74
2011-05-06,3.73,3.82,3.66,3.68,32000,3.68
2011-05-05,3.74,3.96,3.60,3.65,86600,3.65
2011-05-04,4.03,4.16,3.63,3.70,83000,3.70
2011-05-03,4.17,4.17,3.88,3.98,120200,3.98
2011-05-02,3.77,4.23,3.75,4.10,308400,4.10
2011-04-29,3.52,3.70,3.41,3.60,87000,3.60
2011-04-28,3.29,3.56,3.25,3.44,131000,3.44
2011-04-27,3.10,3.20,3.02,3.20,73200,3.20
2011-04-26,3.17,3.17,3.07,3.11,28400,3.11
2011-04-25,3.20,3.20,3.03,3.10,27800,3.10
2011-04-21,3.00,3.25,2.98,3.18,73600,3.18
2011-04-20,2.98,2.98,2.94,2.98,32600,2.98
2011-04-19,2.81,2.99,2.81,2.94,35100,2.94
2011-04-18,2.90,2.92,2.81,2.83,21900,2.83
2011-04-15,2.93,2.95,2.85,2.86,52800,2.86
2011-04-14,2.75,2.84,2.71,2.84,57700,2.84
2011-04-13,2.71,2.89,2.53,2.73,86700,2.73
2011-04-12,2.93,2.93,2.75,2.78,41700,2.78
2011-04-11,3.06,3.06,2.91,2.91,32100,2.91
2011-04-08,3.02,3.08,3.00,3.00,35200,3.00
2011-04-07,3.09,3.09,3.02,3.02,42400,3.02
2011-04-06,3.11,3.15,3.08,3.10,20600,3.10
2011-04-05,3.15,3.19,3.10,3.14,19400,3.14
2011-04-04,3.23,3.23,3.15,3.15,20000,3.15
2011-04-01,3.21,3.24,3.15,3.19,58300,3.19
2011-03-31,3.03,3.48,3.03,3.16,186400,3.16
2011-03-30,3.06,3.07,2.98,3.06,30200,3.06
2011-03-29,3.05,3.08,3.00,3.04,25800,3.04
2011-03-28,2.86,3.13,2.83,3.02,51200,3.02
2011-03-25,2.89,2.92,2.80,2.81,135200,2.81
2011-03-24,3.02,3.03,2.87,2.89,59300,2.89
2011-03-23,3.15,3.19,3.02,3.02,83100,3.02
2011-03-22,3.27,3.27,3.15,3.19,32100,3.19
2011-03-21,3.39,3.39,3.20,3.21,53800,3.21
2011-03-18,3.36,3.36,3.25,3.27,36100,3.27
2011-03-17,3.37,3.40,3.31,3.34,27500,3.34
2011-03-16,3.45,3.45,3.35,3.36,31900,3.36
2011-03-15,3.41,3.44,3.33,3.41,28500,3.41
2011-03-14,3.40,3.48,3.40,3.42,25100,3.42
2011-03-11,3.46,3.49,3.25,3.38,63000,3.38
2011-03-10,3.71,3.79,3.45,3.46,94000,3.46
2011-03-09,3.85,3.85,3.75,3.75,49100,3.75
2011-03-08,3.86,3.90,3.85,3.85,24500,3.85
2011-03-07,3.85,3.90,3.85,3.87,42800,3.87
2011-03-04,3.91,3.91,3.80,3.86,27300,3.86
2011-03-03,3.99,3.99,3.84,3.88,28700,3.88
2011-03-02,3.97,4.04,3.84,3.84,31800,3.84
2011-03-01,4.01,4.01,3.86,3.86,29500,3.86
2011-02-28,3.95,4.06,3.91,4.00,72300,4.00
2011-02-25,3.82,3.89,3.76,3.89,29000,3.89
2011-02-24,3.75,3.83,3.75,3.80,19800,3.80
2011-02-23,3.73,3.74,3.70,3.72,44100,3.72
2011-02-22,3.84,3.84,3.74,3.75,31800,3.75
2011-02-18,3.90,3.90,3.80,3.85,49700,3.85
2011-02-17,3.85,3.87,3.82,3.85,27200,3.85
2011-02-16,3.80,3.89,3.78,3.84,72000,3.84
2011-02-15,3.75,3.77,3.72,3.74,45400,3.74
2011-02-14,3.83,3.83,3.71,3.71,49000,3.71
2011-02-11,3.90,3.90,3.42,3.70,149300,3.70
2011-02-10,3.75,3.75,3.54,3.57,40600,3.57
2011-02-09,3.80,3.80,3.70,3.75,20400,3.75
2011-02-08,3.69,3.88,3.69,3.78,66200,3.78
2011-02-07,3.56,3.75,3.56,3.65,41700,3.65
2011-02-04,3.64,3.65,3.50,3.60,41900,3.60
2011-02-03,3.52,3.63,3.51,3.55,58200,3.55
2011-02-02,3.50,3.54,3.40,3.48,36700,3.48
2011-02-01,3.54,3.54,3.40,3.45,15200,3.45
2011-01-31,3.34,3.52,3.34,3.47,59300,3.47
2011-01-28,3.48,3.48,3.32,3.34,29700,3.34
2011-01-27,3.50,3.50,3.40,3.43,47200,3.43
2011-01-26,3.59,3.59,3.51,3.53,30700,3.53
2011-01-25,3.58,3.59,3.52,3.59,28100,3.59
2011-01-24,3.48,3.56,3.46,3.56,21200,3.56
2011-01-21,3.32,3.62,3.32,3.42,61500,3.42
2011-01-20,3.49,3.51,3.42,3.44,47100,3.44
2011-01-19,3.70,3.70,3.50,3.54,43600,3.54
2011-01-18,3.85,3.89,3.67,3.70,61100,3.70
2011-01-14,3.80,3.80,3.60,3.74,64400,3.74
2011-01-13,3.90,4.00,3.80,3.85,40300,3.85
2011-01-12,4.10,4.10,3.91,3.96,73100,3.96
2011-01-11,3.95,4.19,3.88,4.10,136000,4.10
2011-01-10,3.44,3.95,3.41,3.85,227100,3.85
2011-01-07,3.20,3.30,3.20,3.29,20500,3.29
2011-01-06,3.40,3.47,3.01,3.19,75400,3.19
2011-01-05,3.49,3.49,3.40,3.40,16700,3.40
2011-01-04,3.53,3.53,3.48,3.49,17400,3.49
2011-01-03,3.25,3.50,3.25,3.46,53800,3.46
2010-12-31,3.47,3.47,3.10,3.22,120300,3.22
2010-12-30,3.51,3.52,3.41,3.47,51800,3.47
2010-12-29,3.51,3.58,3.51,3.52,20600,3.52
2010-12-28,3.60,3.63,3.51,3.58,16200,3.58
2010-12-27,3.68,3.68,3.55,3.56,27200,3.56
2010-12-23,3.60,3.65,3.50,3.56,27800,3.56
2010-12-22,3.69,3.69,3.60,3.62,27800,3.62
2010-12-21,3.63,3.70,3.53,3.63,23000,3.63
2010-12-20,3.55,3.70,3.54,3.70,34900,3.70
2010-12-17,3.56,3.56,3.50,3.50,25700,3.50
2010-12-16,3.48,3.54,3.47,3.53,27900,3.53
2010-12-15,3.55,3.55,3.45,3.45,45000,3.45
2010-12-14,3.65,3.65,3.50,3.56,35500,3.56
2010-12-13,3.68,3.68,3.59,3.60,23100,3.60
2010-12-10,3.50,3.60,3.50,3.58,27600,3.58
2010-12-09,3.60,3.60,3.50,3.53,34100,3.53
2010-12-08,3.72,3.76,3.60,3.60,54500,3.60
2010-12-07,3.90,3.90,3.75,3.75,24800,3.75
2010-12-06,3.85,3.96,3.81,3.87,42200,3.87
2010-12-03,3.91,4.00,3.75,3.80,71400,3.80
2010-12-02,3.74,3.98,3.63,3.87,63200,3.87
2010-12-01,3.59,3.71,3.46,3.54,63300,3.54
2010-11-30,3.53,3.57,3.42,3.44,51900,3.44
2010-11-29,3.70,3.89,3.60,3.60,35600,3.60
2010-11-26,3.83,3.83,3.68,3.75,28400,3.75
2010-11-24,3.75,4.00,3.69,3.82,76800,3.82
2010-11-23,3.69,3.89,3.60,3.77,41200,3.77
2010-11-22,3.60,3.75,3.50,3.65,58400,3.65
2010-11-19,3.59,3.75,3.51,3.53,35800,3.53
2010-11-18,3.55,3.80,3.55,3.55,41700,3.55
2010-11-17,3.64,3.70,3.51,3.55,39400,3.55
2010-11-16,3.56,3.71,3.56,3.60,73500,3.60
2010-11-15,3.61,3.85,3.53,3.56,71800,3.56
2010-11-12,3.90,3.90,3.71,3.71,28500,3.71
2010-11-11,4.01,4.22,3.78,3.79,59100,3.79
2010-11-10,4.14,4.14,3.78,3.90,81000,3.90
2010-11-09,4.15,4.20,4.05,4.07,27500,4.07
2010-11-08,3.98,4.19,3.91,4.06,49700,4.06
2010-11-05,4.11,4.12,3.90,3.93,78400,3.93
2010-11-04,4.26,4.26,4.10,4.13,43900,4.13
2010-11-03,4.27,4.32,4.23,4.23,36700,4.23
2010-11-02,4.33,4.35,4.24,4.26,43300,4.26
2010-11-01,4.50,4.50,4.25,4.33,37100,4.33
2010-10-29,4.27,4.49,4.27,4.48,18500,4.48
2010-10-28,4.38,4.44,4.26,4.26,29000,4.26
2010-10-27,4.53,4.55,4.31,4.38,39800,4.38
2010-10-26,4.90,4.90,4.58,4.62,54000,4.62
2010-10-25,4.90,4.93,4.55,4.69,45200,4.69
2010-10-22,4.88,4.95,4.68,4.70,56500,4.70
2010-10-21,4.82,4.86,4.67,4.80,42200,4.80
2010-10-20,4.84,4.84,4.55,4.73,45600,4.73
2010-10-19,4.60,4.76,4.53,4.59,45300,4.59
2010-10-18,4.72,4.97,4.60,4.62,75800,4.62
2010-10-15,5.00,5.20,4.51,4.65,115800,4.65
2010-10-14,4.60,5.00,4.50,5.00,133000,5.00
2010-10-13,4.10,4.43,4.05,4.40,83900,4.40
2010-10-12,3.95,4.09,3.92,4.00,35900,4.00
2010-10-11,3.80,3.96,3.71,3.91,37400,3.91
2010-10-08,3.92,3.92,3.67,3.76,33500,3.76
2010-10-07,3.50,3.79,3.50,3.73,53300,3.73
2010-10-06,3.50,3.64,3.50,3.50,28000,3.50
2010-10-05,3.36,3.50,3.31,3.41,34300,3.41
2010-10-04,3.48,3.54,3.35,3.36,19900,3.36
2010-10-01,3.49,3.50,3.37,3.45,22900,3.45
2010-09-30,3.42,3.57,3.40,3.41,13800,3.41
2010-09-29,3.62,3.62,3.25,3.44,38300,3.44
2010-09-28,3.73,3.75,3.53,3.56,36700,3.56
2010-09-27,3.90,3.90,3.61,3.72,56000,3.72
2010-09-24,4.03,4.07,3.63,3.63,121800,3.63
2010-09-23,4.10,4.12,3.94,3.94,18000,3.94
2010-09-22,4.07,4.14,3.85,4.04,40000,4.04
2010-09-21,3.92,4.00,3.86,3.93,35800,3.93
2010-09-20,4.10,4.10,3.88,3.92,39800,3.92
2010-09-17,3.90,4.24,3.90,4.11,68600,4.11
2010-09-16,3.89,4.00,3.83,3.89,15300,3.89
2010-09-15,4.07,4.08,3.90,3.99,32700,3.99
2010-09-14,4.05,4.15,4.00,4.07,28900,4.07
2010-09-13,4.02,4.19,4.01,4.10,38000,4.10
2010-09-10,3.75,4.04,3.74,4.02,65600,4.02
2010-09-09,4.25,4.28,4.01,4.06,31300,4.06
2010-09-08,3.69,4.52,3.69,4.20,204700,4.20
2010-09-07,3.29,3.88,3.16,3.62,78000,3.62
2010-09-03,3.15,3.21,2.95,3.21,82600,3.21
2010-09-02,3.17,3.19,3.04,3.11,37300,3.11
2010-09-01,3.02,3.22,2.97,3.12,75200,3.12
2010-08-31,2.87,3.00,2.87,3.00,18600,3.00
2010-08-30,2.95,3.02,2.82,2.83,43000,2.83
2010-08-27,2.85,3.13,2.78,3.00,70300,3.00
2010-08-26,2.70,2.93,2.70,2.87,47700,2.87
2010-08-25,2.67,2.70,2.60,2.66,58600,2.66
2010-08-24,2.84,2.92,2.60,2.64,78400,2.64
2010-08-23,2.59,2.92,2.55,2.90,201100,2.90
2010-08-20,2.53,2.67,2.42,2.45,126300,2.45
2010-08-19,2.91,3.05,2.60,2.72,149500,2.72
2010-08-18,3.30,3.30,2.99,3.00,80700,3.00
2010-08-17,3.21,3.49,3.21,3.30,38800,3.30
2010-08-16,3.21,3.77,3.14,3.20,102600,3.20
2010-08-13,3.71,3.72,3.57,3.61,37000,3.61
2010-08-12,3.79,3.89,3.70,3.82,36000,3.82
2010-08-11,3.76,4.06,3.70,3.71,45700,3.71
2010-08-10,4.07,4.19,3.87,3.95,45100,3.95
2010-08-09,4.26,4.27,4.10,4.21,33500,4.21
2010-08-06,4.17,4.23,4.01,4.07,41400,4.07
2010-08-05,4.15,4.23,4.05,4.05,25100,4.05
2010-08-04,4.18,4.18,4.00,4.03,37100,4.03
2010-08-03,4.27,4.39,4.00,4.11,38400,4.11
2010-08-02,4.57,4.59,4.18,4.22,142000,4.22
2010-07-30,4.75,4.80,4.59,4.59,62500,4.59
2010-07-29,4.60,5.15,4.57,4.83,259400,4.83
2010-07-28,4.57,4.90,4.57,4.70,61300,4.70
2010-07-27,4.37,4.57,4.30,4.56,39700,4.56
2010-07-26,4.39,4.40,4.28,4.29,40400,4.29
2010-07-23,4.49,4.49,4.30,4.35,12300,4.35
2010-07-22,4.49,4.49,4.21,4.44,19200,4.44
2010-07-21,4.29,4.50,4.29,4.40,8900,4.40
2010-07-20,4.46,4.46,4.30,4.34,10400,4.34
2010-07-19,4.33,4.54,4.20,4.47,142300,4.47
2010-07-16,4.50,4.60,4.23,4.23,22000,4.23
2010-07-15,4.30,4.58,4.30,4.45,19500,4.45
2010-07-14,4.70,4.85,4.09,4.22,65000,4.22
2010-07-13,4.77,4.92,4.61,4.73,51400,4.73
2010-07-12,4.83,4.85,4.69,4.69,23500,4.69
2010-07-09,4.95,4.96,4.76,4.76,27600,4.76
2010-07-08,4.90,5.05,4.90,4.95,42000,4.95
2010-07-07,4.85,4.85,4.57,4.85,15500,4.85
2010-07-06,5.00,5.00,4.60,4.65,32300,4.65
2010-07-02,5.32,5.32,4.80,5.00,50900,5.00
2010-07-01,5.50,5.50,5.10,5.17,16100,5.17
2010-06-30,5.35,5.50,5.25,5.26,10400,5.26
2010-06-29,5.20,5.58,5.20,5.28,23800,5.28
2010-06-28,5.75,5.75,5.30,5.30,34200,5.30
2010-06-25,5.40,5.75,5.40,5.61,45900,5.61
2010-06-24,5.29,5.43,5.29,5.35,8500,5.35
2010-06-23,5.49,5.50,5.40,5.44,13600,5.44
2010-06-22,5.66,5.80,5.28,5.45,46200,5.45
2010-06-21,5.87,6.04,5.50,5.65,52900,5.65
2010-06-18,5.87,6.30,5.86,5.86,88600,5.86
2010-06-17,6.05,6.25,6.04,6.10,38100,6.10
2010-06-16,5.96,6.05,5.93,5.97,24300,5.97
2010-06-15,6.18,6.18,5.95,6.10,38900,6.10
2010-06-14,6.15,6.20,5.99,6.19,18000,6.19
2010-06-11,5.97,6.24,5.90,6.19,16400,6.19
2010-06-10,5.80,6.01,5.80,5.90,6000,5.90
2010-06-09,5.95,6.15,5.85,5.90,14700,5.90
2010-06-08,6.11,6.30,5.70,5.93,13800,5.93
2010-06-07,6.15,6.30,6.11,6.11,11800,6.11
2010-06-04,6.15,6.40,6.11,6.15,14500,6.15
2010-06-03,6.30,6.30,6.15,6.22,20600,6.22
2010-06-02,6.31,6.31,6.11,6.29,29900,6.29
2010-06-01,5.84,6.40,5.80,6.22,78000,6.22
2010-05-28,5.63,5.85,5.63,5.82,25800,5.82
2010-05-27,5.66,6.06,5.55,5.96,26400,5.96
2010-05-26,5.90,6.03,5.37,5.56,14700,5.56
2010-05-25,5.74,5.90,5.54,5.85,20300,5.85
2010-05-24,6.29,6.29,5.77,5.77,54300,5.77
2010-05-21,6.00,6.40,5.90,6.40,28900,6.40
2010-05-20,6.50,6.55,6.05,6.06,37900,6.06
2010-05-19,6.05,6.23,6.05,6.05,33000,6.05
2010-05-18,6.20,6.20,6.05,6.15,36000,6.15
2010-05-17,6.26,6.50,6.15,6.26,13100,6.26
2010-05-14,6.48,6.48,6.27,6.27,45700,6.27
2010-05-13,6.30,6.50,6.30,6.45,56200,6.45
2010-05-12,6.46,6.50,6.28,6.30,37800,6.30
2010-05-11,5.50,6.45,5.50,6.35,106200,6.35
2010-05-10,5.37,5.75,5.37,5.75,24800,5.75
2010-05-07,5.31,5.50,5.00,5.11,23600,5.11
2010-05-06,5.55,5.79,5.10,5.50,16300,5.50
2010-05-05,5.87,5.88,5.25,5.70,26700,5.70
2010-05-04,5.75,5.98,5.75,5.87,9800,5.87
2010-05-03,6.20,6.25,5.90,5.95,69400,5.95
2010-04-30,5.65,6.00,5.49,6.00,109300,6.00
2010-04-29,5.45,5.60,5.36,5.52,66700,5.52
2010-04-28,5.30,5.49,5.30,5.48,24400,5.48
2010-04-27,5.49,5.50,5.35,5.38,24500,5.38
2010-04-26,5.50,5.64,5.30,5.39,67200,5.39
2010-04-23,4.95,5.30,4.90,5.25,108200,5.25
2010-04-22,4.80,4.90,4.65,4.90,63200,4.90
2010-04-21,4.65,4.75,4.60,4.75,13100,4.75
2010-04-20,4.50,4.65,4.50,4.60,6400,4.60
2010-04-19,4.71,4.71,4.52,4.60,10900,4.60
2010-04-16,4.65,4.79,4.65,4.79,13900,4.79
2010-04-15,4.75,4.80,4.75,4.80,30600,4.80
2010-04-14,4.60,4.80,4.60,4.76,15400,4.76
2010-04-13,4.56,4.70,4.50,4.70,8300,4.70
2010-04-12,4.75,4.82,4.55,4.75,12000,4.75
2010-04-09,4.75,4.85,4.51,4.85,14500,4.85
2010-04-08,4.52,4.80,4.45,4.80,18800,4.80
2010-04-07,4.49,4.66,4.45,4.60,18300,4.60
2010-04-06,4.55,4.71,4.48,4.60,12600,4.60
2010-04-05,4.70,4.75,4.50,4.75,7600,4.75
2010-04-01,4.50,4.60,4.30,4.60,15400,4.60
2010-03-31,4.85,4.85,4.50,4.50,4900,4.50
2010-03-30,4.50,4.75,4.30,4.75,12800,4.75
2010-03-29,4.51,4.75,4.30,4.50,27800,4.50
2010-03-26,4.51,4.75,4.51,4.75,1100,4.75
2010-03-25,4.81,4.81,4.49,4.65,10700,4.65
2010-03-24,4.65,4.80,4.60,4.80,6400,4.80
2010-03-23,4.80,4.80,4.65,4.66,3400,4.66
2010-03-22,4.65,4.80,4.65,4.75,5200,4.75
2010-03-19,4.80,4.80,4.75,4.80,4900,4.80
2010-03-18,4.80,4.80,4.75,4.75,4200,4.75
2010-03-17,4.95,4.95,4.70,4.75,11800,4.75
2010-03-16,4.94,4.94,4.80,4.82,12200,4.82
2010-03-15,5.00,5.00,4.80,4.97,8300,4.97
2010-03-12,5.00,5.00,4.65,4.99,12600,4.99
2010-03-11,4.41,5.00,4.41,5.00,45700,5.00
2010-03-10,4.55,4.60,4.47,4.50,31700,4.50
2010-03-09,4.90,4.90,4.50,4.50,58600,4.50
2010-03-08,4.95,4.95,4.83,4.83,11600,4.83
2010-03-05,4.90,4.95,4.83,4.83,30600,4.83
2010-03-04,5.05,5.05,4.83,4.83,5100,4.83
2010-03-03,4.99,5.00,4.90,4.90,24200,4.90
2010-03-02,5.00,5.00,4.90,4.90,11800,4.90
2010-03-01,5.20,5.20,4.81,4.90,21200,4.90
2010-02-26,5.15,5.15,4.85,5.00,22200,5.00
2010-02-25,5.20,5.20,4.75,5.15,24700,5.15
2010-02-24,4.99,5.20,4.99,5.00,8000,5.00
2010-02-23,4.75,5.20,4.75,5.20,17200,5.20
2010-02-22,4.80,5.00,4.72,4.95,10200,4.95
2010-02-19,5.07,5.07,4.70,5.00,19700,5.00
2010-02-18,5.00,5.20,5.00,5.07,17000,5.07
2010-02-17,5.05,5.24,4.55,5.00,13800,5.00
2010-02-16,4.70,5.00,4.40,5.00,22100,5.00
2010-02-12,4.70,4.70,4.50,4.69,4600,4.69
2010-02-11,4.75,4.75,4.15,4.69,9500,4.69
2010-02-10,4.20,4.48,4.20,4.45,6800,4.45
2010-02-09,4.70,4.84,4.10,4.20,49900,4.20
2010-02-08,4.55,4.94,4.55,4.80,23200,4.80
2010-02-05,4.40,4.55,4.30,4.55,10200,4.55
2010-02-04,4.55,4.80,4.07,4.40,35800,4.40
2010-02-03,5.00,5.00,4.75,4.80,5000,4.80
2010-02-02,5.10,5.10,4.75,4.80,7500,4.80
2010-02-01,4.95,5.40,4.95,5.10,34200,5.10
2010-01-29,5.00,5.49,4.90,5.00,38300,5.00
2010-01-28,5.30,5.30,4.60,4.75,48300,4.75
2010-01-27,5.30,5.50,5.00,5.50,69500,5.50
2010-01-26,4.05,5.30,4.05,5.30,99600,5.30
2010-01-25,4.81,5.25,4.05,4.20,40300,4.20
2010-01-22,5.30,5.30,4.80,4.81,37200,4.81
2010-01-21,5.37,5.50,5.30,5.35,22600,5.35
2010-01-20,5.45,5.53,5.37,5.37,6700,5.37
2010-01-19,5.60,5.65,5.50,5.50,13500,5.50
2010-01-15,5.75,5.75,5.51,5.60,11000,5.60
2010-01-14,5.90,5.95,5.50,5.75,23500,5.75
2010-01-13,5.93,5.93,5.50,5.90,22100,5.90
2010-01-12,5.30,5.95,5.30,5.30,75400,5.30
2010-01-11,5.30,5.40,5.30,5.30,18100,5.30
2010-01-08,5.32,5.40,5.30,5.40,9000,5.40
2010-01-07,5.50,5.50,5.27,5.35,9400,5.35
2010-01-06,5.60,5.60,5.35,5.45,11200,5.45
2010-01-05,5.55,5.67,5.42,5.42,19500,5.42
2010-01-04,5.50,5.67,5.50,5.50,6300,5.50
2009-12-31,5.40,5.54,5.20,5.54,30200,5.54
2009-12-30,5.45,5.50,5.29,5.45,18600,5.45
2009-12-29,5.50,5.70,5.26,5.45,19600,5.45
2009-12-28,5.50,5.89,5.45,5.50,12300,5.50
2009-12-24,5.72,5.80,5.20,5.50,20300,5.50
2009-12-23,6.00,6.00,5.65,5.65,16600,5.65
2009-12-22,5.99,6.00,5.72,5.72,29200,5.72
2009-12-21,6.05,6.15,5.90,6.06,36800,6.06
2009-12-18,5.74,6.12,5.70,6.00,49200,6.00
2009-12-17,5.37,5.74,5.30,5.74,108900,5.74
2009-12-16,5.15,5.52,5.15,5.40,19000,5.40
2009-12-15,5.20,5.45,5.17,5.17,10700,5.17
2009-12-14,5.20,5.45,5.15,5.30,21800,5.30
2009-12-11,6.10,6.10,5.20,5.25,38600,5.25
2009-12-10,5.85,5.85,5.35,5.75,10800,5.75
2009-12-09,5.30,6.10,5.30,5.80,4700,5.80
2009-12-08,5.39,5.40,5.37,5.38,14800,5.38
2009-12-07,5.60,5.60,5.29,5.30,9700,5.30
2009-12-04,5.99,5.99,5.35,5.60,19400,5.60
2009-12-03,5.00,6.35,5.00,5.71,31100,5.71
2009-12-02,5.48,5.95,5.24,5.25,46900,5.25
2009-12-01,5.77,6.76,5.77,5.92,58300,5.92
2009-11-30,7.80,7.85,6.50,6.76,40100,6.76
2009-11-27,7.21,8.00,7.21,7.85,11500,7.85
2009-11-25,8.00,8.50,7.60,7.80,7000,7.80
2009-11-24,8.50,8.50,7.00,8.40,9600,8.40
2009-11-23,0.13,0.14,0.13,0.14,1159300,8.40
2009-11-20,0.14,0.14,0.13,0.13,41100,7.80
2009-11-19,0.14,0.15,0.14,0.14,27300,8.40
2009-11-18,0.14,0.15,0.14,0.14,18900,8.40
2009-11-17,0.14,0.15,0.14,0.14,16100,8.40
2009-11-16,0.15,0.16,0.14,0.14,19100,8.40
2009-11-13,0.15,0.16,0.15,0.15,19700,9.00
2009-11-12,0.15,0.15,0.15,0.15,9800,9.00
2009-11-11,0.14,0.17,0.14,0.15,28100,9.00
2009-11-10,0.15,0.15,0.14,0.14,16100,8.40
2009-11-09,0.14,0.14,0.13,0.14,18700,8.40
2009-11-06,0.15,0.15,0.13,0.13,64400,7.80
2009-11-05,0.15,0.15,0.14,0.14,28200,8.40
2009-11-04,0.15,0.16,0.15,0.15,35700,9.00
2009-11-03,0.16,0.16,0.14,0.14,39700,8.40
2009-11-02,0.16,0.16,0.14,0.15,34300,9.00
2009-10-30,0.18,0.18,0.16,0.17,8400,10.20
2009-10-29,0.15,0.18,0.15,0.17,35100,10.20
2009-10-28,0.16,0.16,0.15,0.15,34100,9.00
2009-10-27,0.17,0.17,0.16,0.16,14500,9.60
2009-10-26,0.19,0.19,0.16,0.16,24900,9.60
2009-10-23,0.18,0.19,0.17,0.17,20800,10.20
2009-10-22,0.18,0.19,0.18,0.18,11800,10.80
2009-10-21,0.18,0.19,0.18,0.18,14100,10.80
2009-10-20,0.20,0.20,0.18,0.18,18400,10.80
2009-10-19,0.19,0.20,0.18,0.19,15400,11.40
2009-10-16,0.19,0.19,0.18,0.19,15700,11.40
2009-10-15,0.18,0.19,0.17,0.18,10800,10.80
2009-10-14,0.18,0.19,0.17,0.18,11500,10.80
2009-10-13,0.18,0.19,0.17,0.18,17000,10.80
2009-10-12,0.18,0.18,0.17,0.18,12300,10.80
2009-10-09,0.19,0.19,0.18,0.18,6600,10.80
2009-10-08,0.19,0.19,0.17,0.19,116400,11.40
2009-10-07,0.20,0.20,0.19,0.19,31100,11.40
2009-10-06,0.21,0.21,0.19,0.20,48600,12.00
2009-10-05,0.19,0.19,0.16,0.18,86100,10.80
2009-10-02,0.19,0.19,0.18,0.19,54200,11.40
2009-10-01,0.20,0.21,0.18,0.19,136700,11.40
2009-09-30,0.17,0.19,0.17,0.19,58900,11.40
2009-09-29,0.20,0.20,0.17,0.17,132200,10.20
2009-09-28,0.21,0.24,0.18,0.20,230600,12.00
2009-09-25,0.19,0.22,0.18,0.22,315400,13.20
2009-09-24,0.16,0.18,0.15,0.16,137700,9.60
2009-09-23,0.15,0.16,0.14,0.15,141300,9.00
2009-09-22,0.12,0.16,0.12,0.14,103300,8.40
2009-09-21,0.13,0.13,0.12,0.12,23600,7.20
2009-09-18,0.13,0.13,0.13,0.13,37800,7.80
2009-09-17,0.13,0.14,0.13,0.13,27600,7.80
2009-09-16,0.13,0.14,0.13,0.13,46300,7.80
2009-09-15,0.13,0.13,0.12,0.12,29200,7.20
2009-09-14,0.13,0.14,0.12,0.12,46600,7.20
2009-09-11,0.15,0.15,0.13,0.13,56400,7.80
2009-09-10,0.15,0.16,0.14,0.14,133800,8.40
2009-09-09,0.12,0.14,0.11,0.13,39000,7.80
2009-09-08,0.12,0.13,0.11,0.12,52900,7.20
2009-09-04,0.12,0.12,0.11,0.12,40500,7.20
2009-09-03,0.12,0.12,0.12,0.12,23100,7.20
2009-09-02,0.12,0.13,0.11,0.12,123300,7.20
2009-09-01,0.14,0.14,0.11,0.11,108300,6.60
2009-08-31,0.13,0.14,0.13,0.13,118400,7.80
2009-08-28,0.14,0.14,0.12,0.13,127700,7.80
2009-08-27,0.14,0.17,0.12,0.13,257700,7.80
2009-08-26,0.14,0.14,0.13,0.14,133000,8.40
2009-08-25,0.13,0.14,0.12,0.13,227200,7.80
2009-08-24,0.15,0.16,0.13,0.13,105100,7.80
2009-08-21,0.13,0.15,0.12,0.14,170600,8.40
2009-08-20,0.20,0.20,0.13,0.13,283300,7.80
2009-08-19,0.22,0.22,0.18,0.19,115400,11.40
2009-08-18,0.24,0.25,0.22,0.24,44700,14.40
2009-08-17,0.26,0.26,0.22,0.24,69100,14.40
2009-08-14,0.22,0.26,0.21,0.24,88700,14.40
2009-08-13,0.20,0.22,0.19,0.21,80400,12.60
2009-08-12,0.25,0.25,0.21,0.22,121600,13.20
2009-08-11,0.26,0.27,0.23,0.25,96900,15.00
2009-08-10,0.29,0.30,0.25,0.26,201800,15.60
2009-08-07,0.26,0.28,0.23,0.24,157800,14.40
2009-08-06,0.39,0.46,0.23,0.26,475700,15.60
2009-08-05,0.12,0.33,0.12,0.31,432400,18.60
2009-08-04,0.13,0.15,0.11,0.12,23700,7.20
2009-08-03,0.13,0.15,0.13,0.13,21400,7.80
2009-07-31,0.13,0.13,0.12,0.13,16800,7.80
2009-07-30,0.11,0.12,0.11,0.12,15100,7.20
2009-07-29,0.11,0.12,0.11,0.11,19400,6.60
2009-07-28,0.12,0.12,0.11,0.11,3000,6.60
2009-07-27,0.11,0.13,0.10,0.12,27100,7.20
2009-07-24,0.12,0.12,0.11,0.11,11400,6.60
2009-07-23,0.12,0.12,0.11,0.12,3700,7.20
2009-07-22,0.09,0.13,0.09,0.12,17200,7.20
2009-07-21,0.11,0.11,0.10,0.11,5500,6.60
2009-07-20,0.09,0.12,0.09,0.11,11100,6.60
2009-07-17,0.09,0.10,0.09,0.09,10000,5.40
2009-07-16,0.10,0.10,0.09,0.09,2500,5.40
2009-07-15,0.11,0.11,0.09,0.09,3900,5.40
2009-07-14,0.11,0.11,0.09,0.11,1000,6.60
2009-07-13,0.10,0.11,0.10,0.11,500,6.60
2009-07-10,0.11,0.11,0.10,0.11,900,6.60
2009-07-09,0.10,0.11,0.09,0.11,2000,6.60
2009-07-08,0.11,0.11,0.10,0.11,1500,6.60
2009-07-07,0.11,0.12,0.10,0.10,2900,6.00
2009-07-06,0.12,0.12,0.11,0.11,9100,6.60
2009-07-02,0.10,0.11,0.09,0.11,1900,6.60
2009-07-01,0.09,0.11,0.09,0.11,1200,6.60
2009-06-30,0.09,0.12,0.09,0.10,1500,6.00
2009-06-29,0.11,0.11,0.09,0.10,3700,6.00
2009-06-26,0.10,0.11,0.09,0.09,2400,5.40
2009-06-25,0.09,0.10,0.09,0.09,700,5.40
2009-06-24,0.10,0.10,0.08,0.09,2700,5.40
2009-06-23,0.08,0.10,0.08,0.09,4700,5.40
2009-06-22,0.08,0.08,0.08,0.08,2300,4.80
2009-06-19,0.09,0.09,0.08,0.08,2300,4.80
2009-06-18,0.08,0.09,0.08,0.08,2800,4.80
2009-06-17,0.07,0.08,0.06,0.08,25100,4.80
2009-06-16,0.09,0.09,0.06,0.07,10700,4.20
2009-06-15,0.10,0.11,0.09,0.09,10300,5.40
2009-06-12,0.11,0.11,0.10,0.10,9000,6.00
2009-06-11,0.11,0.11,0.10,0.10,4800,6.00
2009-06-10,0.11,0.11,0.10,0.10,4300,6.00
2009-06-09,0.12,0.12,0.11,0.11,6300,6.60
2009-06-08,0.11,0.12,0.11,0.12,5700,7.20
2009-06-05,0.12,0.12,0.11,0.11,3500,6.60
2009-06-04,0.12,0.12,0.11,0.11,2100,6.60
2009-06-03,0.12,0.12,0.11,0.11,3100,6.60
2009-06-02,0.11,0.12,0.10,0.11,3300,6.60
2009-06-01,0.10,0.11,0.10,0.11,2500,6.60
2009-05-29,0.10,0.11,0.10,0.10,3100,6.00
2009-05-28,0.10,0.11,0.10,0.10,5400,6.00
2009-05-27,0.12,0.12,0.10,0.10,5100,6.00
2009-05-26,0.11,0.12,0.11,0.11,2400,6.60
2009-05-22,0.11,0.11,0.10,0.11,3800,6.60
2009-05-21,0.11,0.11,0.10,0.11,3300,6.60
2009-05-20,0.11,0.11,0.10,0.11,3000,6.60
2009-05-19,0.11,0.11,0.10,0.10,4200,6.00
2009-05-18,0.12,0.12,0.10,0.10,3000,6.00
2009-05-15,0.12,0.12,0.11,0.11,1700,6.60
2009-05-14,0.12,0.12,0.11,0.11,1500,6.60
2009-05-13,0.13,0.13,0.11,0.12,1400,7.20
2009-05-12,0.13,0.13,0.12,0.13,3200,7.80
2009-05-11,0.13,0.13,0.12,0.13,1900,7.80
2009-05-08,0.13,0.13,0.12,0.13,2900,7.80
2009-05-07,0.13,0.13,0.12,0.13,900,7.80
2009-05-06,0.13,0.13,0.12,0.12,1800,7.20
2009-05-05,0.12,0.13,0.12,0.12,8400,7.20
2009-05-04,0.12,0.12,0.12,0.12,4300,7.20
2009-05-01,0.11,0.12,0.11,0.11,5300,6.60
2009-04-30,0.11,0.11,0.10,0.11,3500,6.60
2009-04-29,0.11,0.11,0.10,0.11,4200,6.60
2009-04-28,0.10,0.11,0.10,0.11,3200,6.60
2009-04-27,0.12,0.12,0.11,0.11,5100,6.60
2009-04-24,0.12,0.13,0.11,0.12,12300,7.20
2009-04-23,0.13,0.14,0.11,0.12,8400,7.20
2009-04-22,0.12,0.14,0.10,0.13,4800,7.80
2009-04-21,0.10,0.12,0.10,0.12,3600,7.20
2009-04-20,0.16,0.16,0.10,0.11,19600,6.60
2009-04-17,0.17,0.17,0.13,0.15,19800,9.00
2009-04-16,0.08,0.15,0.08,0.13,38700,7.80
2009-04-15,0.07,0.08,0.06,0.08,6900,4.80
2009-04-14,0.07,0.07,0.05,0.06,6300,3.60
2009-04-13,0.06,0.07,0.06,0.07,9300,4.20
2009-04-09,0.05,0.06,0.05,0.06,7900,3.60
2009-04-08,0.04,0.05,0.04,0.05,6000,3.00
2009-04-07,0.04,0.04,0.04,0.04,3800,2.40
2009-04-06,0.04,0.04,0.03,0.04,1300,2.40
2009-04-03,0.04,0.04,0.03,0.03,500,1.80
2009-04-02,0.03,0.04,0.03,0.04,3000,2.40
2009-04-01,0.04,0.04,0.04,0.04,2700,2.40
2009-03-31,0.04,0.04,0.03,0.04,2200,2.40
2009-03-30,0.04,0.04,0.04,0.04,3600,2.40
2009-03-27,0.04,0.04,0.04,0.04,3100,2.40
2009-03-26,0.04,0.04,0.04,0.04,2400,2.40
2009-03-25,0.03,0.04,0.03,0.04,300,2.40
2009-03-24,0.04,0.04,0.04,0.04,1000,2.40
2009-03-23,0.04,0.04,0.04,0.04,1600,2.40
2009-03-20,0.04,0.04,0.04,0.04,2200,2.40
2009-03-19,0.04,0.04,0.03,0.04,200,2.40
2009-03-18,0.04,0.04,0.04,0.04,2300,2.40
2009-03-17,0.04,0.04,0.04,0.04,4500,2.40
2009-03-16,0.04,0.04,0.04,0.04,1900,2.40
2009-03-13,0.04,0.04,0.04,0.04,1900,2.40
2009-03-12,0.04,0.04,0.04,0.04,2500,2.40
2009-03-11,0.04,0.04,0.04,0.04,1400,2.40
2009-03-10,0.04,0.04,0.04,0.04,9000,2.40
2009-03-09,0.04,0.04,0.04,0.04,4500,2.40
2009-03-06,0.03,0.04,0.03,0.04,2900,2.40
2009-03-05,0.04,0.04,0.03,0.03,300,1.80
2009-03-04,0.04,0.04,0.03,0.03,5300,1.80
2009-03-03,0.03,0.04,0.03,0.03,500,1.80
2009-03-02,0.04,0.04,0.03,0.03,3700,1.80
2009-02-27,0.04,0.04,0.04,0.04,300,2.40
2009-02-26,0.04,0.04,0.04,0.04,1000,2.40
2009-02-25,0.04,0.04,0.04,0.04,5900,2.40
2009-02-24,0.04,0.04,0.04,0.04,100,2.40
2009-02-23,0.04,0.04,0.03,0.04,200,2.40
2009-02-20,0.02,0.04,0.02,0.03,2600,1.80
2009-02-19,0.04,0.04,0.04,0.04,000,2.40
2009-02-18,0.03,0.04,0.03,0.04,800,2.40
2009-02-17,0.04,0.04,0.04,0.04,3700,2.40
2009-02-13,0.04,0.04,0.04,0.04,300,2.40
2009-02-12,0.03,0.03,0.03,0.03,300,1.80
2009-02-11,0.04,0.04,0.04,0.04,1200,2.40
2009-02-10,0.04,0.04,0.04,0.04,1300,2.40
2009-02-09,0.03,0.04,0.03,0.04,2500,2.40
2009-02-06,0.04,0.04,0.04,0.04,1100,2.40
2009-02-05,0.04,0.04,0.04,0.04,1300,2.40
2009-02-04,0.04,0.04,0.04,0.04,900,2.40
2009-02-03,0.04,0.04,0.04,0.04,100,2.40
2009-02-02,0.04,0.04,0.04,0.04,200,2.40
2009-01-30,0.04,0.04,0.04,0.04,200,2.40
2009-01-29,0.04,0.04,0.04,0.04,500,2.40
2009-01-28,0.04,0.04,0.04,0.04,400,2.40
2009-01-27,0.04,0.04,0.04,0.04,1300,2.40
2009-01-26,0.04,0.04,0.04,0.04,2000,2.40
2009-01-23,0.04,0.04,0.04,0.04,300,2.40
2009-01-22,0.04,0.04,0.04,0.04,500,2.40
2009-01-21,0.04,0.04,0.04,0.04,7400,2.40
2009-01-20,0.04,0.04,0.04,0.04,1300,2.40
2009-01-16,0.04,0.04,0.04,0.04,600,2.40
2009-01-15,0.04,0.04,0.04,0.04,400,2.40
2009-01-14,0.04,0.04,0.04,0.04,2100,2.40
2009-01-13,0.04,0.04,0.03,0.04,100,2.40
2009-01-12,0.04,0.04,0.03,0.04,2100,2.40
2009-01-09,0.04,0.04,0.03,0.03,1200,1.80
2009-01-08,0.03,0.04,0.03,0.04,3000,2.40
2009-01-07,0.03,0.03,0.03,0.03,200,1.80
2009-01-06,0.03,0.04,0.03,0.03,5100,1.80
2009-01-05,0.03,0.03,0.03,0.03,3100,1.80
2009-01-02,0.02,0.03,0.02,0.03,300,1.80
2008-12-31,0.04,0.04,0.03,0.03,2500,1.80
2008-12-30,0.04,0.04,0.03,0.03,9200,1.80
2008-12-29,0.04,0.04,0.04,0.04,1000,2.40
2008-12-26,0.04,0.04,0.04,0.04,700,2.40
2008-12-24,0.05,0.05,0.04,0.04,3500,2.40
2008-12-23,0.04,0.05,0.04,0.05,200,3.00
2008-12-22,0.04,0.05,0.04,0.04,1700,2.40
2008-12-19,0.04,0.05,0.04,0.05,1800,3.00
2008-12-18,0.05,0.05,0.05,0.05,1100,3.00
2008-12-17,0.05,0.06,0.05,0.05,12700,3.00
2008-12-16,0.06,0.06,0.05,0.05,2000,3.00
2008-12-15,0.05,0.05,0.05,0.05,2700,3.00
2008-12-12,0.05,0.06,0.05,0.06,900,3.60
2008-12-11,0.06,0.06,0.05,0.05,1000,3.00
2008-12-10,0.06,0.06,0.05,0.05,1200,3.00
2008-12-09,0.06,0.06,0.05,0.05,1100,3.00
2008-12-08,0.08,0.08,0.05,0.05,1300,3.00
2008-12-05,0.07,0.08,0.06,0.06,1700,3.60
2008-12-04,0.07,0.08,0.06,0.07,14700,4.20
2008-12-03,0.07,0.07,0.06,0.06,900,3.60
2008-12-02,0.07,0.07,0.06,0.07,5100,4.20
2008-12-01,0.06,0.07,0.06,0.06,1500,3.60
2008-11-28,0.05,0.06,0.05,0.06,3900,3.60
2008-11-26,0.05,0.05,0.05,0.05,2800,3.00
2008-11-25,0.05,0.05,0.05,0.05,900,3.00
2008-11-24,0.05,0.05,0.05,0.05,1200,3.00
2008-11-21,0.05,0.06,0.04,0.05,7600,3.00
2008-11-20,0.05,0.06,0.04,0.05,6700,3.00
2008-11-19,0.05,0.05,0.04,0.05,1700,3.00
2008-11-18,0.06,0.06,0.04,0.04,2100,2.40
2008-11-17,0.05,0.05,0.05,0.05,100,3.00
2008-11-14,0.04,0.05,0.04,0.04,1000,2.40
2008-11-13,0.05,0.06,0.04,0.05,2800,3.00
2008-11-12,0.07,0.07,0.05,0.05,1600,3.00
2008-11-11,0.07,0.07,0.06,0.06,400,3.60
2008-11-10,0.09,0.09,0.05,0.07,4500,4.20
2008-11-07,0.06,0.09,0.04,0.09,3700,5.40
2008-11-06,0.04,0.07,0.04,0.05,5200,3.00
2008-11-05,0.05,0.05,0.05,0.05,1000,3.00
2008-11-04,0.05,0.05,0.05,0.05,1800,3.00
2008-11-03,0.05,0.05,0.04,0.05,2200,3.00
2008-10-31,0.05,0.05,0.04,0.04,1100,2.40
2008-10-30,0.05,0.05,0.05,0.05,100,3.00
2008-10-29,0.05,0.05,0.05,0.05,300,3.00
2008-10-28,0.05,0.05,0.05,0.05,300,3.00
2008-10-27,0.05,0.05,0.05,0.05,2100,3.00
2008-10-24,0.04,0.05,0.04,0.05,400,3.00
2008-10-23,0.05,0.05,0.04,0.05,3100,3.00
2008-10-22,0.06,0.06,0.04,0.05,1300,3.00
2008-10-21,0.06,0.06,0.06,0.06,1000,3.60
2008-10-20,0.06,0.06,0.05,0.05,100,3.00
2008-10-17,0.06,0.06,0.06,0.06,2900,3.60
2008-10-16,0.06,0.06,0.05,0.06,600,3.60
2008-10-15,0.06,0.06,0.06,0.06,1800,3.60
2008-10-14,0.06,0.07,0.06,0.06,300,3.60
2008-10-13,0.06,0.07,0.06,0.06,500,3.60
2008-10-10,0.06,0.06,0.06,0.06,400,3.60
2008-10-09,0.06,0.07,0.06,0.06,400,3.60
2008-10-08,0.07,0.07,0.06,0.06,100,3.60
2008-10-07,0.06,0.07,0.06,0.06,1100,3.60
2008-10-06,0.06,0.07,0.06,0.07,1100,4.20
2008-10-03,0.06,0.07,0.06,0.06,600,3.60
2008-10-02,0.07,0.07,0.06,0.06,200,3.60
2008-10-01,0.06,0.07,0.06,0.07,300,4.20
2008-09-30,0.06,0.07,0.06,0.07,100,4.20
2008-09-29,0.07,0.07,0.06,0.06,600,3.60
2008-09-26,0.06,0.07,0.06,0.07,500,4.20
2008-09-25,0.06,0.08,0.06,0.07,2400,4.20
2008-09-24,0.07,0.07,0.05,0.06,4100,3.60
2008-09-23,0.09,0.09,0.07,0.07,1300,4.20
2008-09-22,0.09,0.09,0.07,0.08,5400,4.80
2008-09-19,0.07,0.09,0.07,0.07,1800,4.20
2008-09-18,0.07,0.07,0.06,0.07,900,4.20
2008-09-17,0.07,0.08,0.06,0.07,1200,4.20
2008-09-16,0.08,0.08,0.06,0.08,500,4.80
2008-09-15,0.09,0.09,0.06,0.08,800,4.80
2008-09-12,0.06,0.09,0.06,0.09,2000,5.40
2008-09-11,0.07,0.09,0.07,0.09,300,5.40
2008-09-10,0.06,0.08,0.06,0.07,1000,4.20
2008-09-09,0.09,0.09,0.06,0.07,2400,4.20
2008-09-08,0.10,0.11,0.07,0.08,1200,4.80
2008-09-05,0.10,0.11,0.08,0.11,3700,6.60
2008-09-04,0.09,0.11,0.09,0.09,1100,5.40
2008-09-03,0.11,0.11,0.09,0.09,2700,5.40
2008-09-02,0.12,0.12,0.10,0.10,700,6.00
2008-08-29,0.10,0.11,0.10,0.10,1500,6.00
2008-08-28,0.11,0.11,0.10,0.11,400,6.60
2008-08-27,0.10,0.11,0.10,0.11,900,6.60
2008-08-26,0.12,0.12,0.10,0.11,2400,6.60
2008-08-25,0.15,0.15,0.12,0.12,700,7.20
2008-08-22,0.14,0.14,0.12,0.12,200,7.20
2008-08-21,0.15,0.15,0.12,0.12,200,7.20
2008-08-20,0.12,0.12,0.12,0.12,1100,7.20
2008-08-19,0.11,0.12,0.11,0.12,1000,7.20
2008-08-18,0.12,0.12,0.11,0.12,400,7.20
2008-08-15,0.14,0.14,0.10,0.12,2900,7.20
2008-08-14,0.14,0.15,0.10,0.11,5900,6.60
2008-08-13,0.11,0.14,0.11,0.14,800,8.40
2008-08-12,0.11,0.12,0.10,0.11,500,6.60
2008-08-11,0.11,0.11,0.10,0.10,300,6.00
2008-08-08,0.10,0.10,0.10,0.10,900,6.00
2008-08-07,0.10,0.11,0.10,0.10,1200,6.00
2008-08-06,0.11,0.11,0.10,0.10,4300,6.00
2008-08-05,0.10,0.11,0.10,0.11,2300,6.60
2008-08-04,0.11,0.11,0.10,0.10,3000,6.00
2008-08-01,0.15,0.15,0.11,0.11,3800,6.60
2008-07-31,0.13,0.15,0.12,0.12,4800,7.20
2008-07-30,0.16,0.16,0.12,0.13,5100,7.80
2008-07-29,0.12,0.15,0.12,0.15,1300,9.00
2008-07-28,0.12,0.12,0.12,0.12,200,7.20
2008-07-25,0.16,0.16,0.12,0.12,3500,7.20
2008-07-24,0.13,0.16,0.13,0.14,2900,8.40
2008-07-23,0.16,0.16,0.13,0.15,1200,9.00
2008-07-22,0.14,0.16,0.14,0.16,1700,9.60
2008-07-21,0.14,0.14,0.14,0.14,1000,8.40
2008-07-18,0.13,0.15,0.13,0.14,100,8.40
2008-07-17,0.13,0.15,0.13,0.13,900,7.80
2008-07-16,0.13,0.14,0.13,0.14,500,8.40
2008-07-15,0.13,0.15,0.13,0.13,400,7.80
2008-07-14,0.15,0.15,0.13,0.13,200,7.80
2008-07-11,0.15,0.15,0.13,0.15,500,9.00
2008-07-10,0.15,0.15,0.13,0.15,1000,9.00
2008-07-09,0.13,0.15,0.13,0.15,1600,9.00
2008-07-08,0.14,0.15,0.13,0.15,400,9.00
2008-07-07,0.15,0.15,0.13,0.14,600,8.40
2008-07-03,0.15,0.15,0.13,0.14,200,8.40
2008-07-02,0.14,0.15,0.13,0.15,800,9.00
2008-07-01,0.14,0.15,0.14,0.14,2500,8.40
2008-06-30,0.14,0.16,0.14,0.14,1400,8.40
